{
    "extrinsic": {
        "baseline": 0.209313, 
        "pitch": 0.038, 
        "roll": 0.0, 
        "x": 1.7, 
        "y": 0.1, 
        "yaw": -0.0195, 
        "z": 1.22
    }, 
    "intrinsic": {
        "fx": 357.906682, 
        "fy": 356.170785, 
        "u0": 332.457325, 
        "v0": 253.010996
    }
}