{
    "intrinsic": {
        "fx": 357.906682, 
        "fy": 356.170785, 
        "cx": 332.457325, 
        "cy": 253.010996,
        "distortion_coff" : [-0.274053, 0.049790, -0.001539, -0.003057, 0.000000]
    }
}